{"Sj00EsgeMnCNUjq5iunxJA==":"heart%20big-121x136.png","EooooWpOLO455TIVLCkMGA==":"heart%20big-108x122.png","oRykAiO0rUD++7AmPeEwUg==":"background1.jpg","6Y0r7AKay8b/bY6hT+ojuw==":"team1.jpg","hgBd2Jx50aJ7UHK5Nnz2Ng==":"team2.jpg","GZQxnb1rCTZ+1lhCRHLQHA==":"team3.jpg","yLDLt4x/yhmVO9yhu8cSYQ==":"team4.jpg","LAr4i22qfaslyL8juUTajw==":"048-gamepad-64x64.png","hZkPavexgHmUjIuAf/VZag==":"048-gamepad-1-64x64.png","GA0qbML7cyBTD2KpK47l0Q==":"048-gamepad-256x256.png","FWx3TRmWi3uZWCvpVTmDFQ==":"020-network-256x256.png","zoCgNXgkE1eobFyzFgJzXw==":"048-gamepad-1-256x256.png","S99Dg0uDwL571MjfzmDw9w==":"020-network-1-256x256.png","ECPTJ74xmWFYg6SXn7HSOg==":"008-creative-256x256.png","yFAuU8Z3vQMRwI4ChHlEdA==":"boca-500x500.png","aKqDQeg6W+zyooM/XFEFxA==":"andrei-costina-563x563.png","KjuckTxowZHY3Qf3oEMS0w==":"elena-abrudan%20copy-400x400.png","ULKxcT42yHoPIugbMcrrpw==":"hosu-400x399.png","vO1ncirtMlMfudc8+BQnEQ==":"jurau-150x150.png","5E1GVx7Xpzu5qtwAVQ2XRQ==":"mogos-400x400.png","0xTd5wM2KEGPU8BABjLAqA==":"nistor%20copy-400x401.png","T24Jw6GWQ5EKGypEvcrasA==":"trofin-343x343.png","smSc8p/EZKakQDATHT8XMQ==":"prundaru-561x561.png","/Tq3001qzk3t0+FJd47Spg==":"prundaru_site-400x400.png","shprUUlPfA0I868w2avpew==":"meza-480x480.png","WaBaJ7V6zTI6rKnOpg8eMw==":"taran-533x533.png"}